# Existing dual-app Launcher layout, read from the development Cardputer.
# This profile only describes the installed layout; do not flash this table
# or a factory image over Launcher. Update the poseid application only.
# Name, Type, SubType, Offset, Size, Flags
nvs,      data, nvs,      0x9000,   0x5000,
otadata,  data, ota,      0xE000,   0x2000,
app0,     app,  test,     0x10000,  0x150000,
coredump, data, coredump, 0x160000, 0x10000,
spiffs,   data, spiffs,   0x170000, 0x70000,
poseid,   app,  ota_0,    0x1E0000, 0x2D0000,
meshta,   app,  ota_1,    0x4B0000, 0x270000,
